priority,primary_area,areas,source_type,file,path,ext,size_mb,pages,note,duplicates,snippet
High,010 Air Law / ATC,010 Air Law / ATC,Training textbook / exam prep,airlaw.pdf,/Users/rainerkoelle/Downloads/airlaw.pdf,pdf,0.9,53,Likely directly useful for exam-style concise explanations.,,TABLE OF CONTENTS Aviation Law Chapter 01 the Basis of international legislation » Introduction » The Requirement for Regulation » Understanding the Framework » Sovereignty and Territory » The Convention of International Civil Aviation » Standards and Recommended Practices » Procedures for Air Navig
High,010 Air Law / ATC,010 Air Law / ATC,Training textbook / exam prep,ATPL-AirLaw.pdf,/Users/rainerkoelle/Downloads/ATPL-AirLaw.pdf,pdf,71.6,570,Likely directly useful for exam-style concise explanations.,,"ATPL GROUND TRAINING SERIES AIR LAW Introduction I ii IIntroduction © CAE Oxford Aviation Academy (UK) Limited 2014 All Rights Reserved This text book is to be used only for the purpose of private study by individuals and may not be reproduced in any form or medium, copied, stored in a retrieval sys"
High,010 Air Law / ATC,010 Air Law / ATC,Training textbook / exam prep,ATPL-OPS-procedures.pdf,/Users/rainerkoelle/Downloads/ATPL-OPS-procedures.pdf,pdf,9.5,272,Likely directly useful for exam-style concise explanations.,,ATPL GROUND TRAINING SERIES NEW YORK SANTA MARIA GANDER SHANWICK REYKJAVIK 50ºW 40ºW 30ºN 40ºN 40ºN 50ºN 60ºN 80ºN OPERATIONAL PROCEDURES Introduction I ii IIntroduction © CAE Oxford Aviation Academy (UK) Limited 2014 All Rights Reserved This text book is to be used only for the purpose of private s
High,010 Air Law / ATC,010 Air Law / ATC; 040 Human Performance; 050 Meteorology,Training textbook / exam prep,ATPL-PrinciplesOfFlight.pdf,/Users/rainerkoelle/Downloads/ATPL-PrinciplesOfFlight.pdf,pdf,12.5,604,Likely directly useful for exam-style concise explanations.,,ATPL GROUND TRAINING SERIES PRINCIPLES OF FLIGHT CAE_ATPL_13_Principles_of_Flight.indd 5 05/12/2013 14:12:57 IntroductionI ii IIntroduction © CAE Oxford Aviation Academy (UK) Limited 2014 All Rights Reserved This text book is to be used only for the purpose of private study by individuals and may no
High,010 Air Law / ATC,010 Air Law / ATC; 062 Navigation / Radio Navigation,Regulatory / syllabus reference,BIR-chart-symbols.pdf,/Users/rainerkoelle/Downloads/BIR-chart-symbols.pdf,pdf,2.4,22,Use for validation and exact wording; not always ideal for aide-memoire prose.,,UK MIL AIP GEN 2 - 3 - 1 28 FEB 19 AIRAC 03/19   GEN 2.3 CHART SYMBOLS EN-ROUTE CHART SYMBOLOGY ENR CHART & ICAO ANNEX 4 SYMBOLOGY Spot Height FIR Peck NCRP CRP NCRP CRP VOR VOR Co-located NCRP VOR Co-located CRP TACAN VOR TACAN VORTAC TACAN Co-located CRP TACAN Co-located CRP VOR TACAN Co-located
High,010 Air Law / ATC,010 Air Law / ATC,Authority handbook / public training reference,CASA-VFRG.pdf,/Users/rainerkoelle/Downloads/CASA-VFRG.pdf,pdf,21.0,539,Good public cross-check source; adapt to EASA terminology where needed.,,"CASA VFRG | Version 7.0 Disclaimer: The guide has been prepared by CASA for information purposes only, and while every effort has been made to ensure that the contents accurately conform to the civil aviation legislation, this guide is not the law. CASA accepts no liability for damages or liability"
High,010 Air Law / ATC,010 Air Law / ATC; 022 Instrumentation / Avionics; 033 Flight Planning; 040 Human Performance; 050 Meteorology; 062 Navigation / Radio Navigation,Training textbook / exam prep,EASA CB-IR vs BIR infosheet CIE (2024_v1).pdf,/Users/rainerkoelle/Downloads/EASA CB-IR vs BIR infosheet CIE (2024_v1).pdf,pdf,0.1,1,Likely directly useful for exam-style concise explanations.,,"EASA CB-IR vs BIR comparison - infosheet EASA CB-IR vs BIR infosheet CIE (2024_v1) Cirrus Instruction Europe, Eugene Leeman © 1 CB-IR BIR Privileges Conduct IFR operations, including PBN same minimum decision height (DH) of 200 feet (60 m) DH or MDA at least 200ft (60) higher than standard IR, visib"
High,010 Air Law / ATC,010 Air Law / ATC,Training textbook / exam prep,EASA-CPL-groundschool-example.pdf,/Users/rainerkoelle/Downloads/EASA-CPL-groundschool-example.pdf,pdf,3.0,160,Likely directly useful for exam-style concise explanations.,,"Pre-Pilot Studies Phil Croucher “Never allow your ego, self-confidence, love of flying, pressure from a customer, boss or co-pilot, or economic need to interfere with your good judgement during any stage of a flight. There is no amount of pride, no thrill, pleasure, schedule or job that is worth you"
High,010 Air Law / ATC,010 Air Law / ATC,Regulatory / syllabus reference,EASA-Pilot-Logbook-PDF.pdf,/Users/rainerkoelle/Downloads/EASA-Pilot-Logbook-PDF.pdf,pdf,0.1,2,Use for validation and exact wording; not always ideal for aide-memoire prose.,,EASA Excel Pilot Logbook Pilot Logbook PDF Sample Printout from www.excelpilotlogbook.com 1 2 3 4 5 891011 12 13 14 16171819 1 6 7 (dd/mm/yy)PLACETIMEPLACE TIME SEME SE ME 16/07/08EGHH08:23EGHH09:05 0:42 0:42 1 1 25/08/08EGHH10:14EGHH11:08 0:54 0:54 1 1 7/11/08EGHH09:45EGHH10:57 1:12 1:12 1 1 11/11/
High,010 Air Law / ATC,010 Air Law / ATC,Regulatory / syllabus reference,EASA_BIR_Learning_Guide_Skeleton.docx,/Users/rainerkoelle/Downloads/EASA_BIR_Learning_Guide_Skeleton.docx,docx,0.0,,Use for validation and exact wording; not always ideal for aide-memoire prose.,,
High,010 Air Law / ATC,010 Air Law / ATC,Training textbook / exam prep,EASA_FEM_MODULE_2.2_PPL_A__V2023_RGB.pdf,/Users/rainerkoelle/Downloads/EASA_FEM_MODULE_2.2_PPL_A__V2023_RGB.pdf,pdf,0.3,22,Likely directly useful for exam-style concise explanations.,,Flight Examiner Manual Module 2 .2 - PPL (A) European Aviation Safety Agency | Flight Examiner Manual Module 2 .2 - PPL (A) 2 1.0 Introduction PPL(A) Skill Test V2021.1 General Applicable Framework Flight rules: VFR Operational rules: Part-NCO Crew concept: SPO Equipment: Aeroplane or TMG Applicable
High,010 Air Law / ATC,010 Air Law / ATC; 033 Flight Planning; 062 Navigation / Radio Navigation,Training textbook / exam prep,EASA_SIB_2022-07_1.pdf,/Users/rainerkoelle/Downloads/EASA_SIB_2022-07_1.pdf,pdf,1.2,4,Likely directly useful for exam-style concise explanations.,,EASA SIB No.: 2022-07 This is information only. Recommendations are not mandatory. TE.CAP.00117-007 © European Union Aviation Safety Agency. All rights reserved. ISO9001 Certified. Proprietary document. Copies are not controlled. Confirm revision status through the EASA-Internet/Intranet. An agency
High,010 Air Law / ATC,010 Air Law / ATC; 033 Flight Planning,Regulatory / syllabus reference,easa_webinar_fuel_and_flight_planning_lufthansa.pdf,/Users/rainerkoelle/Downloads/easa_webinar_fuel_and_flight_planning_lufthansa.pdf,pdf,1.2,13,Use for validation and exact wording; not always ideal for aide-memoire prose.,,lufthansagroup.com Fuel & Energy planning Implementation within an AOC 07th July 2022 Jens Wöhrlin (Head of Compliance Steering Operations LHA) CPT Tom Borer (Projectlead - F&FP Project LHG) Intern 08.07.2022 OM-A Harmonization @LHG Page 2 Project framework • Triggered by Regulatory Monitoring Exper
High,010 Air Law / ATC,010 Air Law / ATC; 040 Human Performance,Training textbook / exam prep,ecqb-update-ecqb-2024.pdf,/Users/rainerkoelle/Downloads/ecqb-update-ecqb-2024.pdf,pdf,0.8,3,Likely directly useful for exam-style concise explanations.,,© European Union Aviation Safety Agency. All rights reserved. ISO9001 Certified. Proprietary document. Copies are not controlled. Confirm revision status through the EASA-Internet/Intranet. An agency of the European Union Page 1 of 3 ECQB Update January 2024 ECQB 2024 ECQB 2024 adds new questions to
High,010 Air Law / ATC,010 Air Law / ATC; 040 Human Performance; 050 Meteorology,Training textbook / exam prep,pplprogrammev1.pdf,/Users/rainerkoelle/Downloads/pplprogrammev1.pdf,pdf,1.7,80,Likely directly useful for exam-style concise explanations.,,"The Honourable Company of Air Pilots PPL(A) Training Programme SEP/TMG AltMoC1.FCL.210;215 Validated by the UK CAA Version 1 March 2019 HCAP PPL v1 March 2019 1 © AirPilots 2019 Nothing in this document supersedes any legislation, rules, regulations or procedures contained in any operational documen"
High,022 Instrumentation / Avionics,022 Instrumentation / Avionics,Training textbook / exam prep,ATPL-Electrics.pdf,/Users/rainerkoelle/Downloads/ATPL-Electrics.pdf,pdf,10.4,284,Likely directly useful for exam-style concise explanations.,,"ATPL GROUND TRAINING SERIES ELECTRICS AND ELECTRONICS + + - + IntroductionI ii IIntroduction © CAE Oxford Aviation Academy (UK) Limited 2014 All Rights Reserved This text book is to be used only for the purpose of private study by individuals and may not be reproduced in any form or medium, copied,"
High,022 Instrumentation / Avionics,022 Instrumentation / Avionics,Training textbook / exam prep,ATPL-Instrumentation.pdf,/Users/rainerkoelle/Downloads/ATPL-Instrumentation.pdf,pdf,46.6,668,Likely directly useful for exam-style concise explanations.,,"IntroductionI ii IIntroduction © CAE Oxford Aviation Academy (UK) Limited 2015 All Rights Reserved This text book is to be used only for the purpose of private study by individuals and may not be reproduced in any form or medium, copied, stored in a retrieval system, lent, hired, rented, transmitted"
High,022 Instrumentation / Avionics,022 Instrumentation / Avionics,Resource,BIR-GLEIM-ipfmadd2.pdf,/Users/rainerkoelle/Downloads/BIR-GLEIM-ipfmadd2.pdf,pdf,0.1,19,Potential support resource; inspect before using for gap fill.,,"1 Copyright © 2000 by Gleim Publications, Inc. and Gleim Internet, Inc. All rights reserved. Duplication prohibited. ADDITIONAL INSTRUMENT FLIGHT MANEUVERS Instrument Takeoff (ITO) ............................................................ 1 Pattern A .............................................."
High,022 Instrumentation / Avionics,022 Instrumentation / Avionics,Training textbook / exam prep,BIR-INST-gyro.pdf,/Users/rainerkoelle/Downloads/BIR-INST-gyro.pdf,pdf,0.2,5,Likely directly useful for exam-style concise explanations.,,"  [OPS SAMPLE] OPERATIONAL PROCEDURES [INSTRUMENTS SAMPLE] GYROSCOPIC PRINCIPLES FREE SAMPLE GYROSCOPIC PRINCIPLES · Properties of a Gyroscope. Rigidity: tendency to maintain the axis pointing in a fixed direction in space, unless subjected to an external force. ⚬ Increases with mass, specially if"
High,022 Instrumentation / Avionics,022 Instrumentation / Avionics,Training textbook / exam prep,BIRA-Instrumentenflugberechtigung-1.pdf,/Users/rainerkoelle/Downloads/BIRA-Instrumentenflugberechtigung-1.pdf,pdf,0.1,1,Likely directly useful for exam-style concise explanations.,,"Genannte Theorie- und Praxisstunden sind vorgeschriebene Mindeststunden. Änderung von Preisen und Leistungen vorbehalten. Preise in EUR inkl. gesetzlicher MwSt. (V002, 30.04.2022) ANSCHRIFT FTA FLUGTRAINING ASCHAFFENBURG GMBH | FLUGPLATZ | 63762 GROSSOSTHEIM | TELEFON 06026 994994 TELEFAX 06026 9949"
High,022 Instrumentation / Avionics,022 Instrumentation / Avionics,Authority handbook / public training reference,FAA-H-8083-15B (1).pdf,/Users/rainerkoelle/Downloads/FAA-H-8083-15B (1).pdf,pdf,65.2,371,Good public cross-check source; adapt to EASA terminology where needed.,FAA-H-8083-15B.pdf,IInnssttrruummeenntt FFllyyiinngg HHaannddbbooookk ((FFAAAA--HH--88008833--1155BB)) NNoottee An errata sheet indicating the content and grammatical errors discovered in this handbook since its publication can be found at http://www.faa.gov/regulations_policies/ handbooks_manuals/aviation/ These erro
High,022 Instrumentation / Avionics,022 Instrumentation / Avionics,Authority handbook / public training reference,FAA-H-8083-15B-AddA.pdf,/Users/rainerkoelle/Downloads/FAA-H-8083-15B-AddA.pdf,pdf,0.7,3,Good public cross-check source; adapt to EASA terminology where needed.,,Instrument Flying Handbook (FAA-H-8083-15B) Addendum: Angle of Attack Indicators April 2015 The FAA along with the General Aviation Joint Steering Committee (GAJSC) is promoting Angle of Attack (AOA) indicators as one of the many safety initiatives aimed at reducing the General Aviation accident rat
High,022 Instrumentation / Avionics,022 Instrumentation / Avionics,Authority handbook / public training reference,FAA-H-8083-15B-AddB.pdf,/Users/rainerkoelle/Downloads/FAA-H-8083-15B-AddB.pdf,pdf,0.0,1,Good public cross-check source; adapt to EASA terminology where needed.,,"Instrument Flying Handbook (FAA-H-8083-15B) Addendum B: False Courses November 2019 The following will replace the content found on page 9-40 under “ILS Errors”: 2. False courses. In addition to the desired course, glideslope (GS) facilities inherently produce additional courses at higher vertical a"
High,022 Instrumentation / Avionics,022 Instrumentation / Avionics,Authority handbook / public training reference,FAA-H-8083-15B.pdf,/Users/rainerkoelle/Downloads/FAA-H-8083-15B.pdf,pdf,65.2,371,Good public cross-check source; adapt to EASA terminology where needed.,FAA-H-8083-15B (1).pdf,IInnssttrruummeenntt FFllyyiinngg HHaannddbbooookk ((FFAAAA--HH--88008833--1155BB)) NNoottee An errata sheet indicating the content and grammatical errors discovered in this handbook since its publication can be found at http://www.faa.gov/regulations_policies/ handbooks_manuals/aviation/ These erro
High,022 Instrumentation / Avionics,022 Instrumentation / Avionics,Training textbook / exam prep,Volume 14 Electronics V13.2.pdf,/Users/rainerkoelle/Downloads/Volume 14 Electronics V13.2.pdf,pdf,5.4,384,Likely directly useful for exam-style concise explanations.,,AP3456 Volume 14 –Electronics Page 1 of 1 AP3456 The Central Flying School (CFS) Manual of Flying Volume 14 Electronics Ch 1 Basic Electricity Ch 2 Magnetism CH 3 Electromagnetic Induction-Inductance Ch 4 Electrostatics and Capacitance Ch 5 Measuring Instruments Ch 6 DC Machines Ch 7 Alternating Cur
High,033 Flight Planning,033 Flight Planning,Training textbook / exam prep,ATPL-FlightPlanning+Monitoring.pdf,/Users/rainerkoelle/Downloads/ATPL-FlightPlanning+Monitoring.pdf,pdf,13.1,340,Likely directly useful for exam-style concise explanations.,,"ATPL GROUND TRAINING SERIES FLIGHT PLANNING AND MONITORING IntroductionI ii IIntroduction © CAE Oxford Aviation Academy (UK) Limited 2014 All Rights Reserved This text book is to be used only for the purpose of private study by individuals and may not be reproduced in any form or medium, copied, sto"
High,033 Flight Planning,033 Flight Planning,Training textbook / exam prep,ATPL-Mass+Balance.pdf,/Users/rainerkoelle/Downloads/ATPL-Mass+Balance.pdf,pdf,72.6,540,Likely directly useful for exam-style concise explanations.,,"ATPL GROUND TRAINING SERIES MASS AND BALANCE • PERFORMANCE IntroductionI ii IIntroduction © CAE Oxford Aviation Academy (UK) Limited 2014 All Rights Reserved This text book is to be used only for the purpose of private study by individuals and may not be reproduced in any form or medium, copied, sto"
High,033 Flight Planning,033 Flight Planning,Authority handbook / public training reference,caa-gap-fuel-management-web.pdf,/Users/rainerkoelle/Downloads/caa-gap-fuel-management-web.pdf,pdf,1.4,36,Good public cross-check source; adapt to EASA terminology where needed.,,"Fuel management Cover photo: CAA/Jess Jennings See the CAA website for Civil Aviation Rules, advisory circulars, airworthiness directives, forms, and more safety publications. Visit aviation.govt.nz. Every effort is made to ensure the information in this booklet is accurate and up-to-date at the tim"
High,033 Flight Planning,033 Flight Planning; 040 Human Performance; 050 Meteorology,Authority handbook / public training reference,Fuel_Consumption_and_Operational_Perform (1).pdf,/Users/rainerkoelle/Downloads/Fuel_Consumption_and_Operational_Perform (1).pdf,pdf,1.3,10,Good public cross-check source; adapt to EASA terminology where needed.,Fuel_Consumption_and_Operational_Perform.pdf,"1 Ninth USA/Europe Air Traffic Management Research and Development Seminar (ATM2011 ) Fuel Consumption and Operational Performance Megan S. Ryerson, Mark Hansen Department of Civil and Environmental Engineering University of California, Berkeley Berkeley, CA, USA msmirti@berkeley.edu , mhansen@ce.be"
High,033 Flight Planning,033 Flight Planning; 040 Human Performance; 050 Meteorology,Authority handbook / public training reference,Fuel_Consumption_and_Operational_Perform.pdf,/Users/rainerkoelle/Downloads/Fuel_Consumption_and_Operational_Perform.pdf,pdf,1.3,10,Good public cross-check source; adapt to EASA terminology where needed.,Fuel_Consumption_and_Operational_Perform (1).pdf,"1 Ninth USA/Europe Air Traffic Management Research and Development Seminar (ATM2011 ) Fuel Consumption and Operational Performance Megan S. Ryerson, Mark Hansen Department of Civil and Environmental Engineering University of California, Berkeley Berkeley, CA, USA msmirti@berkeley.edu , mhansen@ce.be"
High,033 Flight Planning,033 Flight Planning; 050 Meteorology,Training textbook / exam prep,Metz_AIAA_Aircraft_Performance_2016.pdf,/Users/rainerkoelle/Downloads/Metz_AIAA_Aircraft_Performance_2016.pdf,pdf,3.1,14,Likely directly useful for exam-style concise explanations.,,"Delft University of Technology Aircraft Performance for Open Air Traffic Simulations Metz, Isabel; Hoekstra, Jacco; Ellerbroek, Joost; Kugler, D. DOI 10.2514/6.2016-3522 Publication date 2016 Document Version Accepted author manuscript Published in AIAA Modeling and Simulation Technologies Conferenc"
High,040 Human Performance,040 Human Performance,Training textbook / exam prep,ATPL-HP.pdf,/Users/rainerkoelle/Downloads/ATPL-HP.pdf,pdf,12.2,464,Likely directly useful for exam-style concise explanations.,HumanPerformanceLimitations.pdf,"ATPL GROUND TRAINING SERIES HUMAN PERFORMANCE AND LIMITATIONS Introduction I ii IIntroduction © CAE Oxford Aviation Academy (UK) Limited 2014 All Rights Reserved This text book is to be used only for the purpose of private study by individuals and may not be reproduced in any form or medium, copied,"
High,040 Human Performance,040 Human Performance; 050 Meteorology; 062 Navigation / Radio Navigation,Authority handbook / public training reference,CAA-Flight-Instructor-Guide-web.pdf,/Users/rainerkoelle/Downloads/CAA-Flight-Instructor-Guide-web.pdf,pdf,21.2,300,Good public cross-check source; adapt to EASA terminology where needed.,,1212 Flight Instructor Guide CAA Flight Instructor Guide 2 CONTENTS This section of the Flight Instructor Guide supports the Instructional Techniques Course required for an instructor rating. Cover photo: iStock.com/Harbucks Instructional theory 4 Instructional theory introduction 5 Learning theory
High,040 Human Performance,040 Human Performance,Training textbook / exam prep,HumanPerformanceLimitations.pdf,/Users/rainerkoelle/Downloads/HumanPerformanceLimitations.pdf,pdf,12.2,464,Likely directly useful for exam-style concise explanations.,ATPL-HP.pdf,"ATPL GROUND TRAINING SERIES HUMAN PERFORMANCE AND LIMITATIONS Introduction I ii IIntroduction © CAE Oxford Aviation Academy (UK) Limited 2014 All Rights Reserved This text book is to be used only for the purpose of private study by individuals and may not be reproduced in any form or medium, copied,"
High,050 Meteorology,050 Meteorology,Training textbook / exam prep,ATPL-JAA-MET.pdf,/Users/rainerkoelle/Downloads/ATPL-JAA-MET.pdf,pdf,12.6,354,Likely directly useful for exam-style concise explanations.,,"ii These materials are to be used only for the purpose of individual, private study and may not be reproduced in any form or medium, copied, stored in a retrieval system, lent, hired, rented, transmitted, or adapted in whole or in part without the prior written consent of Jeppesen. Copyright in all"
High,050 Meteorology,050 Meteorology,Regulatory / syllabus reference,BIR_Meteorology_Study_Notes.pdf,/Users/rainerkoelle/Downloads/BIR_Meteorology_Study_Notes.pdf,pdf,0.6,9,Use for validation and exact wording; not always ideal for aide-memoire prose.,,"EASA Basic IR – Study Notes Appendix 050 Meteorology 1. Introduction to Aviation Meteorology Meteorology studies the atmosphere and its phenomena. For pilots, the focus is on weather affecting flight safety: pressure, temperature, humidity, wind, clouds, visibility, and hazards. 2. The Atmosphere Th"
High,050 Meteorology,050 Meteorology,Authority handbook / public training reference,caa-gap-mountain-flying-may-2021-web (1).pdf,/Users/rainerkoelle/Downloads/caa-gap-mountain-flying-may-2021-web (1).pdf,pdf,1.5,36,Good public cross-check source; adapt to EASA terminology where needed.,caa-gap-mountain-flying-may-2021-web (2).pdf; caa-gap-mountain-flying-may-2021-web.pdf,"Mountain flying Cover photo: iStock.com/antonel See the CAA website for Civil Aviation Rules, advisory circulars, airworthiness directives, forms, and more safety publications. Visit aviation.govt.nz. Every effort is made to ensure the information in this booklet is accurate and up-to-date at the ti"
High,050 Meteorology,050 Meteorology,Authority handbook / public training reference,caa-gap-mountain-flying-may-2021-web (2).pdf,/Users/rainerkoelle/Downloads/caa-gap-mountain-flying-may-2021-web (2).pdf,pdf,1.5,36,Good public cross-check source; adapt to EASA terminology where needed.,caa-gap-mountain-flying-may-2021-web (1).pdf; caa-gap-mountain-flying-may-2021-web.pdf,"Mountain flying Cover photo: iStock.com/antonel See the CAA website for Civil Aviation Rules, advisory circulars, airworthiness directives, forms, and more safety publications. Visit aviation.govt.nz. Every effort is made to ensure the information in this booklet is accurate and up-to-date at the ti"
High,050 Meteorology,050 Meteorology,Authority handbook / public training reference,caa-gap-mountain-flying-may-2021-web.pdf,/Users/rainerkoelle/Downloads/caa-gap-mountain-flying-may-2021-web.pdf,pdf,1.5,36,Good public cross-check source; adapt to EASA terminology where needed.,caa-gap-mountain-flying-may-2021-web (1).pdf; caa-gap-mountain-flying-may-2021-web (2).pdf,"Mountain flying Cover photo: iStock.com/antonel See the CAA website for Civil Aviation Rules, advisory circulars, airworthiness directives, forms, and more safety publications. Visit aviation.govt.nz. Every effort is made to ensure the information in this booklet is accurate and up-to-date at the ti"
High,050 Meteorology,050 Meteorology,Training textbook / exam prep,EASA-MET-clouds.pdf,/Users/rainerkoelle/Downloads/EASA-MET-clouds.pdf,pdf,4.9,7,Likely directly useful for exam-style concise explanations.,,"Clouds By flyingbornean < https://easaatplexamguide.wordpress.com/author/flyingbornean/> LOW CLOUDS 1. STRATUS(ST)– Bases from ground level to 6500ft, light tomoderate icing , No turbulence. Can form from: Lifting of fogDue to moderate to continuous precipitationBy mixing of warm and cold air 2. STR"
High,050 Meteorology,050 Meteorology,Training textbook / exam prep,EASA-MET-ELR-DALR-SALR.pdf,/Users/rainerkoelle/Downloads/EASA-MET-ELR-DALR-SALR.pdf,pdf,0.3,3,Likely directly useful for exam-style concise explanations.,,THERMODYNAMICS By flyingbornean < https://easaatplexamguide.wordpress.com/author/flyingbornean/> The all you need to know guide of THERMODYNAMICS for theEASA ATPL exam DEFINITIONSLapse Rate – the decrease or increase of temperature with altitude.– 3 TYPES of lapse rate Adiabatic – means no heat tran
High,050 Meteorology,050 Meteorology,Training textbook / exam prep,EASA-MET-ISA-Altimetry.pdf,/Users/rainerkoelle/Downloads/EASA-MET-ISA-Altimetry.pdf,pdf,0.3,5,Likely directly useful for exam-style concise explanations.,,ALTIMETRY By flyingbornean < https://easaatplexamguide.wordpress.com/author/flyingbornean/> ALTIMETRY 1. 1013Hpa= Sea Level 850Hpa=5000ft 700Hpa=10000ft 500Hpa=18000ft 400Hpa=24000ft 300Hpa=30000ft 250Hpa=34000ft 200Hpa=39000ft Note: You should memorize and remember this as it is a frequentquestion
High,050 Meteorology,050 Meteorology,Training textbook / exam prep,EASA-MET-Notes-Wind-ATPL.pdf,/Users/rainerkoelle/Downloads/EASA-MET-Notes-Wind-ATPL.pdf,pdf,0.1,7,Likely directly useful for exam-style concise explanations.,,WINDS By flyingbornean SEA BREEZE 1. Blows from sea to land2. Occurs especially during warm afternoonswith cloudless skies When insolation heats the land surface more rapidly than seasurface 1. Layer of air in contact with land = warms up and expands2. This creates a Lower pressure areaat the Land s
High,050 Meteorology,050 Meteorology,Authority handbook / public training reference,FAA-H-8083-28_FAA_Web.pdf,/Users/rainerkoelle/Downloads/FAA-H-8083-28_FAA_Web.pdf,pdf,31.1,532,Good public cross-check source; adapt to EASA terminology where needed.,,Aviation Weather Handbook 2022 United States Department of Transportation FEDERAL AVIATION ADMINISTRATION Flight Standards Service
High,050 Meteorology,050 Meteorology,Authority handbook / public training reference,FAA-H-8083-28A_FAA_Web (1).pdf,/Users/rainerkoelle/Downloads/FAA-H-8083-28A_FAA_Web (1).pdf,pdf,30.9,539,Good public cross-check source; adapt to EASA terminology where needed.,FAA-H-8083-28A_FAA_Web.pdf; Meteorology-AviationWeather-FAA-H-8083-28A.pdf,Aviation Weather Handbook 2024 United States Department of Transportation FEDERAL AVIATION ADMINISTRATION Flight Standards Service
High,050 Meteorology,050 Meteorology,Authority handbook / public training reference,FAA-H-8083-28A_FAA_Web.pdf,/Users/rainerkoelle/Downloads/FAA-H-8083-28A_FAA_Web.pdf,pdf,30.9,539,Good public cross-check source; adapt to EASA terminology where needed.,FAA-H-8083-28A_FAA_Web (1).pdf; Meteorology-AviationWeather-FAA-H-8083-28A.pdf,Aviation Weather Handbook 2024 United States Department of Transportation FEDERAL AVIATION ADMINISTRATION Flight Standards Service
High,050 Meteorology,050 Meteorology,Training textbook / exam prep,MET-4-PPL.pdf,/Users/rainerkoelle/Downloads/MET-4-PPL.pdf,pdf,0.1,9,Likely directly useful for exam-style concise explanations.,,"Meteorologie für Privatpiloten Seite - 1 Erstellt von: Dr. Christian Husek 1230 Wien www.sportmedpraxis.com/Meteorologie.doc Meteorologie für die PPL – Schulung Das Wetter ist die größte, jeden Flug betreffende Variable und daher eines der Dinge, die Fliegen zu einer Herausforderung und aufregend ma"
High,050 Meteorology,050 Meteorology,Training textbook / exam prep,Meteorological Applications - 2008 - Markovic - A statistical study of the weather impact on punctuality at Frankfurt.pdf,/Users/rainerkoelle/Downloads/Meteorological Applications - 2008 - Markovic - A statistical study of the weather impact on punctuality at Frankfurt.pdf,pdf,0.3,11,Likely directly useful for exam-style concise explanations.,,"METEOROLOGICAL APPLICATIONS Meteorol. Appl. 15: 293–303 (2008) Published online 17 April 2008 in Wiley InterScience (www.interscience.wiley.com) DOI: 10.1002/met.74 A statistical study of the weather impact on punctuality at Frankfurt Airport D. Markovic* , T. Hauf, P. R ¨ohner and U. Spehr Institut"
High,050 Meteorology,050 Meteorology,Authority handbook / public training reference,Meteorology-AviationWeather-FAA-H-8083-28A.pdf,/Users/rainerkoelle/Downloads/Meteorology-AviationWeather-FAA-H-8083-28A.pdf,pdf,30.9,539,Good public cross-check source; adapt to EASA terminology where needed.,FAA-H-8083-28A_FAA_Web (1).pdf; FAA-H-8083-28A_FAA_Web.pdf,Aviation Weather Handbook 2024 United States Department of Transportation FEDERAL AVIATION ADMINISTRATION Flight Standards Service
High,050 Meteorology,050 Meteorology,Authority handbook / public training reference,RCAF-Weather-Manual-Workbook (1).pdf,/Users/rainerkoelle/Downloads/RCAF-Weather-Manual-Workbook (1).pdf,pdf,18.9,205,Good public cross-check source; adapt to EASA terminology where needed.,RCAF-Weather-Manual-Workbook.pdf,ROYAL CANADIAN AIR FORCE WEATHER MANUAL WORKBOOK B-GA-007-002/PT-D01 2012-11-01 ROYALCANADIANAIRFORCEWEATHERMANUALWORKBOOK WeatherManual Wkbk Cover eng 2013:weather manual cover 10/23/12 2:34 PM Page 1 ROYAL CANADIAN AIR FORCE WEATHER MANUAL WORKBOOK (ENGLISH ) (S upersedes B-GA-007-002/PT-D01 dated
High,050 Meteorology,050 Meteorology,Authority handbook / public training reference,RCAF-Weather-Manual-Workbook.pdf,/Users/rainerkoelle/Downloads/RCAF-Weather-Manual-Workbook.pdf,pdf,18.9,205,Good public cross-check source; adapt to EASA terminology where needed.,RCAF-Weather-Manual-Workbook (1).pdf,ROYAL CANADIAN AIR FORCE WEATHER MANUAL WORKBOOK B-GA-007-002/PT-D01 2012-11-01 ROYALCANADIANAIRFORCEWEATHERMANUALWORKBOOK WeatherManual Wkbk Cover eng 2013:weather manual cover 10/23/12 2:34 PM Page 1 ROYAL CANADIAN AIR FORCE WEATHER MANUAL WORKBOOK (ENGLISH ) (S upersedes B-GA-007-002/PT-D01 dated
High,050 Meteorology,050 Meteorology,Authority handbook / public training reference,RCAF-Weather-Manual.pdf,/Users/rainerkoelle/Downloads/RCAF-Weather-Manual.pdf,pdf,38.1,345,Good public cross-check source; adapt to EASA terminology where needed.,,ROYAL CANADIAN AIR FORCE WEATHER MANUAL ROYALCANADIANAIRFORCEWEATHERMANUAL B-GA-007-001/PT-D01 2012-11-01 WeatherManual Cover eng 2013:weather manual cover 12/18/12 1:20 PM Page 1 ROYAL CANADIAN AIR FORCE WEATHER MANUAL (ENGLISH) B-GA-007-001/PT-D01 (Supersedes B-GA-007-001/PT-D01 dated 2004-12-17 a
High,050 Meteorology,050 Meteorology,Training textbook / exam prep,weather_aviation_impact_research_paper.pdf,/Users/rainerkoelle/Downloads/weather_aviation_impact_research_paper.pdf,pdf,0.1,30,Likely directly useful for exam-style concise explanations.,,"Operational Impact of Weather and Climate Change Perturbations on Air Traﬀic and Air Navigation Performance: A Review of Open Meteorological Data Applications Executive Summary Weather and climate perturbations represent critical challenges to aviation operations worldwide, affecting safety, eﬀicien"
High,062 Navigation / Radio Navigation,062 Navigation / Radio Navigation,Training textbook / exam prep,ATPL-JAA-Gen-NAV.pdf,/Users/rainerkoelle/Downloads/ATPL-JAA-Gen-NAV.pdf,pdf,59.5,281,Likely directly useful for exam-style concise explanations.,,"~---- --- PREFACE __________________ _ As the world moves toward a single standard for international pilot licensing, many nations have adopted the syllabi and regulations of the ""Joint Aviation Requirements-Flight Crew Licensing"" (JAR-FCL), the licensing agency of the Joint Aviation Authorities (JA"
High,062 Navigation / Radio Navigation,062 Navigation / Radio Navigation,Training textbook / exam prep,ATPL-NAV-Gen.pdf,/Users/rainerkoelle/Downloads/ATPL-NAV-Gen.pdf,pdf,88.5,576,Likely directly useful for exam-style concise explanations.,,"ATPL GROUND TRAINING SERIES S GENERAL NAVIGATION IntroductionI ii IIntroduction © CAE Oxford Aviation Academy (UK) Limited 2014 All Rights Reserved This text book is to be used only for the purpose of private study by individuals and may not be reproduced in any form or medium, copied, stored in a r"
High,062 Navigation / Radio Navigation,062 Navigation / Radio Navigation,Training textbook / exam prep,ATPL-RadioNav.pdf,/Users/rainerkoelle/Downloads/ATPL-RadioNav.pdf,pdf,36.0,396,Likely directly useful for exam-style concise explanations.,,ATPL GROUND TRAINING SERIES 0 3 6 15 18 21 24 27 3033 RADIO NAVIGATION Introduction I ii IIntroduction © CAE Oxford Aviation Academy (UK) Limited 2014 All Rights Reserved This text book is to be used only for the purpose of private study by individuals and may not be reproduced in any form or medium
High,062 Navigation / Radio Navigation,062 Navigation / Radio Navigation,Training textbook / exam prep,Flightplan (1).pdf,/Users/rainerkoelle/Downloads/Flightplan (1).pdf,pdf,0.0,1,Likely directly useful for exam-style concise explanations.,,ATC Flightplan Homebriefing – Austro Control Email: ais.loww@austrocontrol.at Phone: +43 5 1703 3211 Disclaimer Be aware that the printed flightplan may differ from the actual flightplan. Flightplan status NONE 3 MESSAGE TYPE 7 AIRCRAFT IDENTIFICATION 8 FLIGHT RULES TYPE OF FLIGHT ( FPL - DEAIN - V
High,062 Navigation / Radio Navigation,062 Navigation / Radio Navigation,Training textbook / exam prep,Flightplan (2).pdf,/Users/rainerkoelle/Downloads/Flightplan (2).pdf,pdf,0.0,1,Likely directly useful for exam-style concise explanations.,,ATC Flightplan Homebriefing – Austro Control Email: ais.loww@austrocontrol.at Phone: +43 5 1703 3211 Disclaimer Be aware that the printed flightplan may differ from the actual flightplan. Flightplan status NONE 3 MESSAGE TYPE 7 AIRCRAFT IDENTIFICATION 8 FLIGHT RULES TYPE OF FLIGHT ( FPL - DESOX - V
High,062 Navigation / Radio Navigation,062 Navigation / Radio Navigation,Training textbook / exam prep,Flightplan.pdf,/Users/rainerkoelle/Downloads/Flightplan.pdf,pdf,0.0,1,Likely directly useful for exam-style concise explanations.,,ATC Flightplan Homebriefing – Austro Control Email: ais.loww@austrocontrol.at Phone: +43 5 1703 3211 Disclaimer Be aware that the printed flightplan may differ from the actual flightplan. Flightplan status NONE 3 MESSAGE TYPE 7 AIRCRAFT IDENTIFICATION 8 FLIGHT RULES TYPE OF FLIGHT ( FPL - DEAIN - V
High,062 Navigation / Radio Navigation,062 Navigation / Radio Navigation,Training textbook / exam prep,JAA-RadioNavigation.pdf,/Users/rainerkoelle/Downloads/JAA-RadioNavigation.pdf,pdf,12.8,330,Likely directly useful for exam-style concise explanations.,,"ii These materials are to be used only for the purpose of individual, private study and may not be reproduced in any form or medium, copied, stored in a retrieval system, lent, hired, rented, transmitted, or adapted in whole or in part without the prior written consent of Jeppesen. Copyright in all"
High,062 Navigation / Radio Navigation,062 Navigation / Radio Navigation,Study notes / workbook,PBN_Manual_e4.0.v1 (1).pdf,/Users/rainerkoelle/Downloads/PBN_Manual_e4.0.v1 (1).pdf,pdf,11.4,202,Likely useful for CNS/radio-navigation technical gaps.,PBN_Manual_e4.0.v1.pdf,"A complete reference to PBN and GNSS for General Aviation non-commercial fixed wing pilots using GNSS for IFR Including RNP , RNAV and GNSS 4th Edition (rev 1) Jan 2023 4th Edition Extensively Revised January 2023 Including BIR"
High,062 Navigation / Radio Navigation,062 Navigation / Radio Navigation,Study notes / workbook,PBN_Manual_e4.0.v1.pdf,/Users/rainerkoelle/Downloads/PBN_Manual_e4.0.v1.pdf,pdf,11.4,202,Likely useful for CNS/radio-navigation technical gaps.,PBN_Manual_e4.0.v1 (1).pdf,"A complete reference to PBN and GNSS for General Aviation non-commercial fixed wing pilots using GNSS for IFR Including RNP , RNAV and GNSS 4th Edition (rev 1) Jan 2023 4th Edition Extensively Revised January 2023 Including BIR"
High,090 Communications,090 Communications,Training textbook / exam prep,ATPL-COM.pdf,/Users/rainerkoelle/Downloads/ATPL-COM.pdf,pdf,3.6,164,Likely directly useful for exam-style concise explanations.,,"ATPL GROUND TRAINING SERIES COMMUNICATIONS IntroductionI ii IIntroduction © CAE Oxford Aviation Academy (UK) Limited 2014 All Rights Reserved This text book is to be used only for the purpose of private study by individuals and may not be reproduced in any form or medium, copied, stored in a retriev"
High,Comprehensive / Multi-area,Comprehensive / Multi-area,Training textbook / exam prep,ATPL Theory Summary (1).pdf,/Users/rainerkoelle/Downloads/ATPL Theory Summary (1).pdf,pdf,1.3,60,Likely broad reference; useful for filling multiple gaps and cross-checking terminology.,ATPL Theory Summary.pdf,- 1 - Formulas / ATPL theory summary (Rob Groothuis) Index ATPL Page 2 to 2 Handy formulas / guidelines general Page 3 to 14 Formulas all subjects Page 15 to 18 General navigation Page 19 to 26 Meteorology Page 27 to 31 Instrumentation Page 32 to 33 Communications VFR / IFR Page 34 to 34 Mass and ba
High,Comprehensive / Multi-area,Comprehensive / Multi-area,Training textbook / exam prep,ATPL Theory Summary.pdf,/Users/rainerkoelle/Downloads/ATPL Theory Summary.pdf,pdf,1.3,60,Likely broad reference; useful for filling multiple gaps and cross-checking terminology.,ATPL Theory Summary (1).pdf,- 1 - Formulas / ATPL theory summary (Rob Groothuis) Index ATPL Page 2 to 2 Handy formulas / guidelines general Page 3 to 14 Formulas all subjects Page 15 to 18 General navigation Page 19 to 26 Meteorology Page 27 to 31 Instrumentation Page 32 to 33 Communications VFR / IFR Page 34 to 34 Mass and ba
High,Comprehensive / Multi-area,Comprehensive / Multi-area,Training textbook / exam prep,EASA-ATPL-Handbook-FreeSample.pdf,/Users/rainerkoelle/Downloads/EASA-ATPL-Handbook-FreeSample.pdf,pdf,9.5,105,Likely broad reference; useful for filling multiple gaps and cross-checking terminology.,,EASA ATPL Handbook Free Sample
High,Comprehensive / Multi-area,Comprehensive / Multi-area,Training textbook / exam prep,easa-professional-pilot-studies_compress.pdf,/Users/rainerkoelle/Downloads/easa-professional-pilot-studies_compress.pdf,pdf,211.3,2155,Likely broad reference; useful for filling multiple gaps and cross-checking terminology.,,"EASA Professional Pilot Studies Phil Croucher All the stuff that matters from the ATPL(A) syllabus in one book! INTRODUCTION 0 © Phil Croucher Electrocution Technical Publishers December 14, 2019 EASA Professional Pilot Studies 0-1 INTRODUCTION 0 his book is based on the modular self-study program f"
High,Comprehensive / Multi-area,Comprehensive / Multi-area,Resource,IR-Training-Students-handbook.pdf,/Users/rainerkoelle/Downloads/IR-Training-Students-handbook.pdf,pdf,6.3,75,Likely broad reference; useful for filling multiple gaps and cross-checking terminology.,,THIS HANDBOOK IS A STUDY AID FOR EXCLUSIVE USE OF ATO ADRIANA AVIATION Created by Dariusz Bartczak darekbartczak@wp.pl WATOROWO 2021 ATO ADRIANA AVIATION INSTRUMENT RATING TRAINING STUDENTS HANDBOOK This Handbook was introduced for use in the ATO ADRIANA AVIATION by the order of Head of Training Ord
High,Comprehensive / Multi-area,Comprehensive / Multi-area,Training textbook / exam prep,PPL-A-20240922.pdf,/Users/rainerkoelle/Downloads/PPL-A-20240922.pdf,pdf,0.5,1,Likely broad reference; useful for filling multiple gaps and cross-checking terminology.,,
High,Comprehensive / Multi-area,Comprehensive / Multi-area,Training textbook / exam prep,PPL-EASA.pdf,/Users/rainerkoelle/Downloads/PPL-EASA.pdf,pdf,0.4,1,Likely broad reference; useful for filling multiple gaps and cross-checking terminology.,,
High,Comprehensive / Multi-area,Comprehensive / Multi-area; 040 Human Performance; 050 Meteorology; 062 Navigation / Radio Navigation,Training textbook / exam prep,Volume 11 Radar V13.2.pdf,/Users/rainerkoelle/Downloads/Volume 11 Radar V13.2.pdf,pdf,1.8,129,Likely broad reference; useful for filling multiple gaps and cross-checking terminology.,,AP3456 Volume 11– Radar Page 1 of 1 AP3456 The Central Flying School (CFS) Manual of Flying Volume 11 Radar Ch 1 Introduction to Radar Ch 2 Pulse Radar Ch 3 Anti Clutter and Noise Techniques Ch 4 Continuous Wave Radar Ch 5 Pulse Doppler Radar and Moving Target Indicator (MTI) Ch 6 Tracking Radar Ch
High,Comprehensive / Multi-area,Comprehensive / Multi-area; 033 Flight Planning; 040 Human Performance; 050 Meteorology,Study notes / workbook,Volume 12 Helicopters V13.2.pdf,/Users/rainerkoelle/Downloads/Volume 12 Helicopters V13.2.pdf,pdf,2.7,201,Likely broad reference; useful for filling multiple gaps and cross-checking terminology.,,AP3456 Volume 12 –Helicopters Page 1 of 1 AP3456 The Central Flying School (CFS) Manual of Flying Volume 12 Helicopters Ch 1 Rotor Aerodynamics and Control Ch 2 Hovering and Horizontal Movement Ch 3 Control in Forward Flight Ch 4 Autorotation Ch 5 Hazardous Conditions and Recovery Action Ch 6 Helico
High,Comprehensive / Multi-area,Comprehensive / Multi-area; 022 Instrumentation / Avionics; 040 Human Performance,Study notes / workbook,Volume 13 Maths and Physics V13.2.pdf,/Users/rainerkoelle/Downloads/Volume 13 Maths and Physics V13.2.pdf,pdf,3.6,308,Likely broad reference; useful for filling multiple gaps and cross-checking terminology.,,AP3456 Volume 13 –Maths and Physics Page 1 of 2 AP3456 The Central Flying School (CFS) Manual of Flying Volume 13 Maths and Physics Ch 1 Fractions and Decimals Ch 2 Percentages and Proportions Ch 3 Averages Ch 4 Basic vector Processes Ch 5 Indicies and Logarithms Ch 6 Graphs Ch 7 Unit Conversions Ch
High,Comprehensive / Multi-area,Comprehensive / Multi-area,Resource,Volume_01_Principles_of_Flight.pdf,/Users/rainerkoelle/Downloads/Volume_01_Principles_of_Flight.pdf,pdf,3.0,303,Likely broad reference; useful for filling multiple gaps and cross-checking terminology.,,AP3456 - 1-1 - The Atmosphere Revised Mar 12 Page 1 of 8 CHAPTER 1 - THE ATMOSPHERE Introduction 1. The atmosphere is the term given to the layer of air which surrounds the Earth and extends upwards from the surface to about 500 miles. The flight of all objects using fixed or moving wings to sustain
High,Comprehensive / Multi-area,Comprehensive / Multi-area,Training textbook / exam prep,Volume_02_Aircraft_Performance.pdf,/Users/rainerkoelle/Downloads/Volume_02_Aircraft_Performance.pdf,pdf,2.3,121,Likely broad reference; useful for filling multiple gaps and cross-checking terminology.,,AP3456 - 2-1 - The Effect of Variation in Specific Gravity of Fuels on Range and Endurance CHAPTER 1 - THE EFFECT OF VARIATION IN SPECIFIC GRAVITY OF FUELS ON RANGE AND ENDURANCE Introduction 1. Fuels in current Service use are permitted to have a wide variation in specific gravity (SG) in order to
High,Comprehensive / Multi-area,Comprehensive / Multi-area,Resource,Volume_03_Propulsion.pdf,/Users/rainerkoelle/Downloads/Volume_03_Propulsion.pdf,pdf,4.8,184,Likely broad reference; useful for filling multiple gaps and cross-checking terminology.,,"AP3456 – 3-1 - Basic Theory and Principles of Propulsion Revised May 10 Page 1 of 8 CHAPTER 1 - BASIC THEORY AND PRINCIPLES OF PROPULSION Introduction 1. When an aircraft is travelling through air in straight and level flight and at a constant true airspeed (TAS), the engines must produce a total th"
High,Comprehensive / Multi-area,Comprehensive / Multi-area,Training textbook / exam prep,Volume_04_Aircraft_Systems.pdf,/Users/rainerkoelle/Downloads/Volume_04_Aircraft_Systems.pdf,pdf,2.4,107,Likely broad reference; useful for filling multiple gaps and cross-checking terminology.,,"AP3456 – 4-1- Hydraulic Systems Revised Jun 10 Page 1 of 10 CHAPTER 1 - HYDRAULIC SYSTEMS Introduction 1. Hydraulic power has unique characteristics which influence its selection to power aircraft systems instead of electrics and pneumatics, the other available secondary power systems. The advantage"
High,Comprehensive / Multi-area,Comprehensive / Multi-area; 022 Instrumentation / Avionics,Resource,Volume_05_Flight_Instruments.pdf,/Users/rainerkoelle/Downloads/Volume_05_Flight_Instruments.pdf,pdf,4.0,197,Likely broad reference; useful for filling multiple gaps and cross-checking terminology.,,AP3456 – 5-1 - Introduction to Barometric Height Measurement Revised Mar 12 Page 1 of 4 CHAPTER 1 - INTRODUCTION TO BAROMETRIC HEIGHT MEASUREMENT Introduction 1. The atmospheric pressure at a point on the Earth’s surface is equivalent to the weight of the whole column of air standing on the area of
High,Comprehensive / Multi-area,Comprehensive / Multi-area; 040 Human Performance,Resource,Volume_06_Aviation_Medicine.pdf,/Users/rainerkoelle/Downloads/Volume_06_Aviation_Medicine.pdf,pdf,1.7,165,Likely broad reference; useful for filling multiple gaps and cross-checking terminology.,,"AP3456 - 6-1 - Human Performance Revised Jul 10 Page 1 of 11 CHAPTER 1 - HUMAN PERFORMANCE Introduction 1. The investigation and study of error has received more attention in aviation than in many other domains, and part of the explanation probably lies in the fact that aviation accidents tend to be"
High,Comprehensive / Multi-area,Comprehensive / Multi-area; 022 Instrumentation / Avionics,Resource,Volume_07_Avionics.pdf,/Users/rainerkoelle/Downloads/Volume_07_Avionics.pdf,pdf,3.2,215,Likely broad reference; useful for filling multiple gaps and cross-checking terminology.,,"AP3456 – 7-1 - LF, MF and HF Communications Revised Jun 10 Page 1 of 3 CHAPTER 1 - LF, MF AND HF COMMUNICATIONS Introduction 1. This chapter describes the installation and operation of a typical HF communications system and briefly mentions the uses of MF and LF systems. Typical HF Installation 2. F"
High,Comprehensive / Multi-area,Comprehensive / Multi-area,Authority handbook / public training reference,Volume_08_Aircraft_Operations.pdf,/Users/rainerkoelle/Downloads/Volume_08_Aircraft_Operations.pdf,pdf,4.1,320,Likely broad reference; useful for filling multiple gaps and cross-checking terminology.,,"AP3456 – 8-1 - General Meteorology Revised Aug 14 Page 1 of 31 CHAPTER 1 - GENERAL METEOROLOGY Introduction 1. Weather can be described as the state of the atmosphere at a given time and place, with respect to temperature, moisture, visibility, pressure and wind velocity. It can have a significant e"
High,Comprehensive / Multi-area,Comprehensive / Multi-area; 062 Navigation / Radio Navigation,Resource,Volume_09_Navigation.pdf,/Users/rainerkoelle/Downloads/Volume_09_Navigation.pdf,pdf,6.6,270,Likely broad reference; useful for filling multiple gaps and cross-checking terminology.,,"AP3456 - 9-1 - The Earth, Distance and Direction Revised Jul 10 Page 1 of 10 CHAPTER 1 - THE EARTH, DISTANCE, AND DIRECTION THE EARTH The Form of The Earth 1. For most navigational purposes the Earth is assumed to be a perfect sphere, although in reality it is not. For many centuries man has been co"
High,Comprehensive / Multi-area,Comprehensive / Multi-area; 050 Meteorology,Resource,Volume_10_Meteorology__CFS_version_.pdf,/Users/rainerkoelle/Downloads/Volume_10_Meteorology__CFS_version_.pdf,pdf,1.9,97,Likely broad reference; useful for filling multiple gaps and cross-checking terminology.,,"AP3456 -– The Atmosphere Original May 17 Page 1 of 12 10-1-THE ATMOSPHERE Introduction 1. Weather can be described as the state of the atmosphere at a given time and place, with respect to temperature, moisture, visibility, pressure and wind velocity. It can have a significant effect on aircraft per"
High,Other aviation / support,Other aviation / support,Training textbook / exam prep,aviation-identification-application-form-499.pdf,/Users/rainerkoelle/Downloads/aviation-identification-application-form-499.pdf,pdf,0.3,6,Likely directly useful for exam-style concise explanations.,,Civil Aviation Safety Authority Aviation Identification (AVID) | Form 499 | V 5 | CASA-04-4613 | 09/2023 Page 1 of 6 Application Aviation Identification (AVID) (Aviation Security Status Check) Initial issue or renewal Reg 6.56 Aviation Transport Security Regulations 2005 Download this form before yo
High,Other aviation / support,Other aviation / support,Resource,BIR-M01-RainerKoelle.pdf,/Users/rainerkoelle/Downloads/BIR-M01-RainerKoelle.pdf,pdf,1.0,,Potential support resource; inspect before using for gap fill.,,
High,Other aviation / support,Other aviation / support,Resource,BIR_Learning_Objectives.csv,/Users/rainerkoelle/Downloads/BIR_Learning_Objectives.csv,csv,0.4,,Potential support resource; inspect before using for gap fill.,,
High,Other aviation / support,Other aviation / support,Resource,BIR_Learning_Objectives.xlsx,/Users/rainerkoelle/Downloads/BIR_Learning_Objectives.xlsx,xlsx,0.1,,Potential support resource; inspect before using for gap fill.,,
High,Other aviation / support,Other aviation / support,Authority handbook / public training reference,CAAT - coop agreement - benchmarking appendix - Attendance report 8-06-24.csv,/Users/rainerkoelle/Downloads/CAAT - coop agreement - benchmarking appendix - Attendance report 8-06-24.csv,csv,0.0,,Good public cross-check source; adapt to EASA terminology where needed.,,
High,Other aviation / support,Other aviation / support,Authority handbook / public training reference,FAA-H-8083-16B.pdf,/Users/rainerkoelle/Downloads/FAA-H-8083-16B.pdf,pdf,35.3,312,Good public cross-check source; adapt to EASA terminology where needed.,,
Medium,010 Air Law / ATC,010 Air Law / ATC; 033 Flight Planning; 040 Human Performance,Study notes / workbook,Aerodynamics_Workbook-CH6.pdf,/Users/rainerkoelle/Downloads/Aerodynamics_Workbook-CH6.pdf,pdf,0.9,50,Potential support resource; inspect before using for gap fill.,,Version 09/19/11 1 Copyright Lance Sherry 2010 Aircraft Performance This workbook provides an understanding of how a heavier than air vehicle is able to generate lift and sustain flight. This understanding is generated by understanding the atmosphere in which an aircraft flies (Section 1 The Atmosph
Medium,010 Air Law / ATC,010 Air Law / ATC; 022 Instrumentation / Avionics; 033 Flight Planning; 040 Human Performance,Regulatory / syllabus reference,Annex II to ED Decision 2016-008-R (1).pdf,/Users/rainerkoelle/Downloads/Annex II to ED Decision 2016-008-R (1).pdf,pdf,6.4,551,Use for validation and exact wording; not always ideal for aide-memoire prose.,Annex II to ED Decision 2016-008-R.pdf,"Annex II to ED Decision 2016/008/R Page 1 of 551 Acceptable Means of Compliance and Guidance Material to Part-FCL (Learning Objectives (LOs)) — Amendment 2 Points AMC1 FCL.310, FCL.515(b) and FCL.615(b) are amended as follows: AMC1 FCL.310; FCL.515(b); FCL.615(b) Introductory text and all tables in"
Medium,010 Air Law / ATC,010 Air Law / ATC; 022 Instrumentation / Avionics; 033 Flight Planning; 040 Human Performance,Regulatory / syllabus reference,Annex II to ED Decision 2016-008-R.pdf,/Users/rainerkoelle/Downloads/Annex II to ED Decision 2016-008-R.pdf,pdf,6.4,551,Use for validation and exact wording; not always ideal for aide-memoire prose.,Annex II to ED Decision 2016-008-R (1).pdf,"Annex II to ED Decision 2016/008/R Page 1 of 551 Acceptable Means of Compliance and Guidance Material to Part-FCL (Learning Objectives (LOs)) — Amendment 2 Points AMC1 FCL.310, FCL.515(b) and FCL.615(b) are amended as follows: AMC1 FCL.310; FCL.515(b); FCL.615(b) Introductory text and all tables in"
Medium,010 Air Law / ATC,010 Air Law / ATC; 033 Flight Planning,Regulatory / syllabus reference,annex3_performance_ratios_2023.csv,/Users/rainerkoelle/Downloads/annex3_performance_ratios_2023.csv,csv,0.0,,Use for validation and exact wording; not always ideal for aide-memoire prose.,,
Medium,010 Air Law / ATC,010 Air Law / ATC,Regulatory / syllabus reference,annex5_table01_total_ans_revenues_2023.csv,/Users/rainerkoelle/Downloads/annex5_table01_total_ans_revenues_2023.csv,csv,0.0,,Use for validation and exact wording; not always ideal for aide-memoire prose.,,
Medium,010 Air Law / ATC,010 Air Law / ATC,Regulatory / syllabus reference,annex5_table02_gate_to_gate_costs_2023.csv,/Users/rainerkoelle/Downloads/annex5_table02_gate_to_gate_costs_2023.csv,csv,0.0,,Use for validation and exact wording; not always ideal for aide-memoire prose.,,
Medium,010 Air Law / ATC,010 Air Law / ATC,Regulatory / syllabus reference,annex5_table03_atm_cns_cost_breakdown_2023.csv,/Users/rainerkoelle/Downloads/annex5_table03_atm_cns_cost_breakdown_2023.csv,csv,0.0,,Use for validation and exact wording; not always ideal for aide-memoire prose.,,
Medium,010 Air Law / ATC,010 Air Law / ATC; 033 Flight Planning,Regulatory / syllabus reference,annex5_table04_balance_sheet_2023.csv,/Users/rainerkoelle/Downloads/annex5_table04_balance_sheet_2023.csv,csv,0.0,,Use for validation and exact wording; not always ideal for aide-memoire prose.,,
Medium,010 Air Law / ATC,010 Air Law / ATC,Regulatory / syllabus reference,Annexes_ACI EUROPE Connectivity Report 2022.xlsx,/Users/rainerkoelle/Downloads/Annexes_ACI EUROPE Connectivity Report 2022.xlsx,xlsx,0.2,,Use for validation and exact wording; not always ideal for aide-memoire prose.,,
Medium,010 Air Law / ATC,010 Air Law / ATC,Regulatory / syllabus reference,ECQB-sample-annexes-v2.pdf,/Users/rainerkoelle/Downloads/ECQB-sample-annexes-v2.pdf,pdf,18.4,,Use for validation and exact wording; not always ideal for aide-memoire prose.,,
Medium,010 Air Law / ATC,010 Air Law / ATC,Resource,operations.csv,/Users/rainerkoelle/Downloads/operations.csv,csv,75.2,,Potential support resource; inspect before using for gap fill.,,
Medium,022 Instrumentation / Avionics,022 Instrumentation / Avionics,Resource,Aircraft Gyroscopic Instruments.pdf,/Users/rainerkoelle/Downloads/Aircraft Gyroscopic Instruments.pdf,pdf,1.5,6,Potential support resource; inspect before using for gap fill.,,"HOME AIRFRAME POWERPLANT GENERAL MAINTENANCE QUESTION BANK AVIATION GLOSSARY HANDBOOKS VIDEOS SPONSORSHIP HomeInstrument System Aircraft Gyroscopic Instruments F in a n c e f o r 0 $ 1 ,0 0 0 V o lk s fe s t B o n u s C a s h 3 1 2 Y e a rs P re p a id M a in te n a n c e ^ % fo r u p to 2 4 m o n"
Medium,022 Instrumentation / Avionics,022 Instrumentation / Avionics,Resource,Gyroscopic Instruments - 3 Essential Instruments and How They Work - Pilot Institute.pdf,/Users/rainerkoelle/Downloads/Gyroscopic Instruments - 3 Essential Instruments and How They Work - Pilot Institute.pdf,pdf,2.9,9,Potential support resource; inspect before using for gap fill.,,"It should come as no surprise that ﬂight instruments are vitally important.However, a lot is going on behind the scenes. Gyroscopes are a scientiﬁcwonder, and their properties can be utilized to great effect in airplanegyroscopic instruments. Contrary to popular belief, gyroscopes are pretty easyto"
Medium,022 Instrumentation / Avionics,022 Instrumentation / Avionics,Resource,Gyroscopic Instruments _ Study Aircrafts.pdf,/Users/rainerkoelle/Downloads/Gyroscopic Instruments _ Study Aircrafts.pdf,pdf,5.9,12,Potential support resource; inspect before using for gap fill.,,Gyroscopic Instruments IntroductionGyroscopic instruments are of great importance in aircraft navigation because of their ability to maintain a constantspatial reference and thereby provide indication of the aircraft's attitude. The principal instruments that use theproperties of the gyroscope are t
Medium,022 Instrumentation / Avionics,022 Instrumentation / Avionics; 062 Navigation / Radio Navigation,Resource,Pilots_Course_Registration_Form_2021.1.pdf,/Users/rainerkoelle/Downloads/Pilots_Course_Registration_Form_2021.1.pdf,pdf,0.5,4,Likely useful for CNS/radio-navigation technical gaps.,,"1 PILOT COURSE REGISTRATION FORM Type of Course Class Rating SEP (land) DA40 NG MEP (land) DA42 NG/-VI MEP (land) DA62 DA42 NG/-VIDA40 NG G1000 Course required CRI MEP (land) DA62CRI MEP (land) DA42 NG/-VI Instrument Rating Instructor / IRI ME-IR Extension DA62 PBN Instructor Rating* Refresher-, Rec"
Medium,033 Flight Planning,033 Flight Planning; 040 Human Performance; 090 Communications,Resource,Aircraft-fuel-burn-trends-sept2020.pdf,/Users/rainerkoelle/Downloads/Aircraft-fuel-burn-trends-sept2020.pdf,pdf,0.6,25,Potential support resource; inspect before using for gap fill.,,"SEPTEMBER 2020 WHITE PAPER FUEL BURN OF NEW COMMERCIAL JET AIRCRAFT: 1960 TO 2019 Xinyi Sola Zheng Dan Rutherford, Ph.D. BEIJING | BERLIN | SAN FRANCISCO | SÃO PAULO | WASHINGTON www.theicct.org communications@theicct.org twitter @theicct ACKNOWLEDGMENTS The authors thank Brandon Graver and Jennifer"
Medium,033 Flight Planning,033 Flight Planning,Resource,flightplanning.pdf,/Users/rainerkoelle/Downloads/flightplanning.pdf,pdf,0.1,2,Potential support resource; inspect before using for gap fill.,,"033 Flight Planning and Monitoring 033-02 Flight Planning for IFR Flights MOC value in primary enroute: +1000 ft, 900-1500m terrain variation +1500ft, more terrain +2000ft Chart alt suffixes .. a=MORA, T=MOCA, HF, use lower frequencies at night, max range up to 2000nm 033-03 Fuel Planning 033-03-02"
Medium,033 Flight Planning,033 Flight Planning; 040 Human Performance,Resource,FlightReleaseFormV2.0DA40NG (1).pdf,/Users/rainerkoelle/Downloads/FlightReleaseFormV2.0DA40NG (1).pdf,pdf,1.6,3,Potential support resource; inspect before using for gap fill.,,"DA40NG D-ENGJ Flight Release Form V2.0 – 20/09/2020 Page 1 of 3 Flight Data D-ENGJ Date ETD Due back time Instructor Student 1 Student 2 Flightplan Y/N Fuel on Board VFR/IFR Dual Mission Route Weight & Balance Data: Item Weight (kg) Arm (m) Moment (kg x m) Basic Empty Weight 937,7 2,44 2286,1 Pilot"
Medium,033 Flight Planning,033 Flight Planning,Resource,fuel burn paper summary.docx,/Users/rainerkoelle/Downloads/fuel burn paper summary.docx,docx,0.0,,Potential support resource; inspect before using for gap fill.,,
Medium,033 Flight Planning,033 Flight Planning,Resource,Fuel_Burn_Method_Assessment_Using_Automatic_Depend (1).pdf,/Users/rainerkoelle/Downloads/Fuel_Burn_Method_Assessment_Using_Automatic_Depend (1).pdf,pdf,12.3,28,Potential support resource; inspect before using for gap fill.,,"Citation: Krajˇ cek Nikoli´ c, K.; Papoˇ ci, P .; Nikoli´ c, D.; Antulov-Fantulin, B. Fuel Burn Method Assessment Using Automatic Dependent Surveillance–Broadcast and European Reanalysis Data: Limited Flight Sample Analysis. Aerospace 2024, 11, 154. https://doi.org/10.3390/ aerospace11020154 Academi"
Medium,033 Flight Planning,033 Flight Planning,Resource,Fuel_Burn_Method_Assessment_Using_Automatic_Depend.pdf,/Users/rainerkoelle/Downloads/Fuel_Burn_Method_Assessment_Using_Automatic_Depend.pdf,pdf,12.3,28,Potential support resource; inspect before using for gap fill.,,"Citation: Krajˇ cek Nikoli´ c, K.; Papoˇ ci, P .; Nikoli´ c, D.; Antulov-Fantulin, B. Fuel Burn Method Assessment Using Automatic Dependent Surveillance–Broadcast and European Reanalysis Data: Limited Flight Sample Analysis. Aerospace 2024, 11, 154. https://doi.org/10.3390/ aerospace11020154 Academi"
Medium,033 Flight Planning,033 Flight Planning; 040 Human Performance,Resource,Fuel_Estimation_in_Air_Transportation_Modeling_glo.pdf,/Users/rainerkoelle/Downloads/Fuel_Estimation_in_Air_Transportation_Modeling_glo.pdf,pdf,2.3,16,Potential support resource; inspect before using for gap fill.,,"Contents lists available at ScienceDirect Transportation Research Part D journal homepage: www.elsevier.com/locate/trd Fuel Estimation in Air Transportation: Modeling global fuel consumption for commercial aviation K. Seymour ⁎,1, M. Held ⁎,1, G. Georges, K. Boulouchos ETH Zürich (Swiss Federal Inst"
Medium,033 Flight Planning,033 Flight Planning,Resource,Fuelburn-Engine-Examples.docx,/Users/rainerkoelle/Downloads/Fuelburn-Engine-Examples.docx,docx,0.0,,Potential support resource; inspect before using for gap fill.,,
Medium,033 Flight Planning,033 Flight Planning,Resource,FuelFlow-Simplified-ICAS-96-4.1.2.pdf,/Users/rainerkoelle/Downloads/FuelFlow-Simplified-ICAS-96-4.1.2.pdf,pdf,0.5,11,Potential support resource; inspect before using for gap fill.,,
Medium,033 Flight Planning,033 Flight Planning; 062 Navigation / Radio Navigation,Resource,navplan_EDNH-LIPB.pdf,/Users/rainerkoelle/Downloads/navplan_EDNH-LIPB.pdf,pdf,0.1,1,Likely useful for CNS/radio-navigation technical gaps.,,NAV-FLIGHTPLAN ACFT IDENT: Date: Off Bl.: QNH: Pilot: GS: 100kt Bl. on: RWY: Freq. C/S Checkpoint MT Dist. Alt. EET ETO ATO Remarks 122.605 EDNH 47.3998 10.8962 VAC 39 24/+5 47.3452 10.8232 219 5 3 47.3136 10.8398 157 3 2 47.3103 11.1016 088 11 7 47.2837 11.1957 110 5 3 47.2323 11.3768 110 9 6 47.11
Medium,033 Flight Planning,033 Flight Planning; 050 Meteorology; 062 Navigation / Radio Navigation,Resource,navplan_EDST-LIPB.pdf,/Users/rainerkoelle/Downloads/navplan_EDST-LIPB.pdf,pdf,0.1,1,Likely useful for weather theory and examples.,,"NAV-FLIGHTPLAN ACFT IDENT: Date: Off Bl.: QNH: Pilot: GS: 100kt Bl. on: RWY: Freq. C/S Checkpoint MT Dist. Alt. EET ETO ATO Remarks 125.615 RADIOEDST ELEV:1168ft RWY:12L,12R,30R,30R,06,24 RADIO:125.615 118.930 INFO OHLSTADT-POEMETSRIEDVAC 94 57/+5 ELEV:2169ft RWY:04,22 INFO:118.930 Partnach 209 12 8"
Medium,033 Flight Planning,033 Flight Planning; 062 Navigation / Radio Navigation,Resource,navplan_EDST-LSXH.pdf,/Users/rainerkoelle/Downloads/navplan_EDST-LSXH.pdf,pdf,0.1,1,Likely useful for CNS/radio-navigation technical gaps.,,"NAV-FLIGHTPLAN ACFT IDENT: Date: Off Bl.: QNH: Pilot: GS: 90kt Bl. on: RWY: Freq. C/S Checkpoint MT Dist. Alt. EET ETO ATO Remarks 125.615 RADIOEDST ELEV:1168ft RWY:12L,12R,30R,30R,06,24 RADIO:125.615 127.530 RADIOEDSR VAC 53 36/+5 ELEV:1375ft RWY:01,19 RADIO:127.530 118.100 TWR LSZH 217 28 19 ELEV:"
Medium,033 Flight Planning,033 Flight Planning; 062 Navigation / Radio Navigation,Resource,navplan_LSPN-LOWZ.pdf,/Users/rainerkoelle/Downloads/navplan_LSPN-LOWZ.pdf,pdf,0.1,1,Likely useful for CNS/radio-navigation technical gaps.,,"NAV-FLIGHTPLAN ACFT IDENT: Date: Off Bl.: QNH: Pilot: GS: 90kt Bl. on: RWY: Freq. C/S Checkpoint MT Dist. Alt. EET ETO ATO Remarks 124.530 AD LSPN ELEV:1594ft RWY:15,33 AD:124.530 LSPW VAC 33 22/+5 ELEV:1329ft RWY:08,26 119.805 AD LSXB 106 27 18 ELEV:1585ft AD:119.805 OTHER:159.675 LOIQ 017 14 10 EL"
Medium,033 Flight Planning,033 Flight Planning,Resource,Performance Objectives_odfm_crrctd.docx,/Users/rainerkoelle/Downloads/Performance Objectives_odfm_crrctd.docx,docx,0.0,,Potential support resource; inspect before using for gap fill.,,
Medium,033 Flight Planning,033 Flight Planning; 040 Human Performance; 050 Meteorology,Resource,Performance_Analyzes_of_Thermodynamic_Indices_and_.pdf,/Users/rainerkoelle/Downloads/Performance_Analyzes_of_Thermodynamic_Indices_and_.pdf,pdf,1.7,21,Likely useful for weather theory and examples.,,"Performance Analyzes of Thermodynamic Indices and Atmospheric Parameters in Thunderstorm and Non-thunderstorm Days in Istanbul, Turkey VELI YAVUZ1 Abstract—This study aims to analyze the thunderstorm (TS) events in the megacity Istanbul by using thermodynamic indices and atmospheric stability parame"
Medium,040 Human Performance,040 Human Performance,Resource,Irvine Budd Ison Kitching 2015 v2.pdf,/Users/rainerkoelle/Downloads/Irvine Budd Ison Kitching 2015 v2.pdf,pdf,0.3,16,Potential support resource; inspect before using for gap fill.,,"This item was submitted to Loughborough's Research Repository by the author. Items in Figshare are protected by copyright, with all rights reserved, unless otherwise indicated. The environmental effects of peak hour air traffic congestion: the case of The environmental effects of peak hour air traff"
Medium,040 Human Performance,040 Human Performance; 050 Meteorology,Study notes / workbook,metFundamentals_student_1-4.pdf,/Users/rainerkoelle/Downloads/metFundamentals_student_1-4.pdf,pdf,9.6,33,Likely useful for weather theory and examples.,,University of Reading online course: Fundamentals of Meteorology Dr Hilary Weller (Lecturer version) September - December 2022 Introduction to the Course • This course will introduce some of the theory of meteorology and allow you to practice making calculations and predictions about the atmosphere.
Medium,050 Meteorology,050 Meteorology,Resource,Aviation-Weather-Principles.pdf,/Users/rainerkoelle/Downloads/Aviation-Weather-Principles.pdf,pdf,3.2,30,Likely useful for weather theory and examples.,,"Aviation Weather - Principles Whether preparing for a local flight or a long cross-country, flight-planning decisionsbased on aviation weather can dramatically affect the safety of the flight. A solid understanding of aviation weather theory provides the tools necessary tounderstand the reports and"
Medium,050 Meteorology,050 Meteorology,Resource,cloud-types-postcard (1).pdf,/Users/rainerkoelle/Downloads/cloud-types-postcard (1).pdf,pdf,0.1,2,Likely useful for weather theory and examples.,cloud-types-postcard.pdf,"HIGH Cirrostratus Nimbostratus Stratus Cirrus Altostratus Stratocumulus Cumulonimbus Cirrocumulus Altocumulus Cumulus MIDDLE LOW Cloud types The layer cloud types are known as stratiform and are classified as: • Stratus (St)–found in the low levels of the atmosphere, tend to produce a light drizzle."
Medium,050 Meteorology,050 Meteorology,Resource,cloud-types-postcard.pdf,/Users/rainerkoelle/Downloads/cloud-types-postcard.pdf,pdf,0.1,2,Likely useful for weather theory and examples.,cloud-types-postcard (1).pdf,"HIGH Cirrostratus Nimbostratus Stratus Cirrus Altostratus Stratocumulus Cumulonimbus Cirrocumulus Altocumulus Cumulus MIDDLE LOW Cloud types The layer cloud types are known as stratiform and are classified as: • Stratus (St)–found in the low levels of the atmosphere, tend to produce a light drizzle."
Medium,050 Meteorology,050 Meteorology,Resource,Flight_Delay_Prediction_with_Airport_Traffic_Densi.pdf,/Users/rainerkoelle/Downloads/Flight_Delay_Prediction_with_Airport_Traffic_Densi.pdf,pdf,0.9,10,Likely useful for weather theory and examples.,,"372 9 (2): 372-381 (2025) Journal of Aviation https://dergipark.org.tr/en/pub/jav e-ISSN 2587-1676 Flight Delay Prediction with Airport Traffic Density Data from an Aviation Risk Management Perspective Burcu Altunoğlu1* , Mert Akinet2 1*University of Turkish Aeronautical Association, Department of I"
Medium,050 Meteorology,050 Meteorology,Resource,met-cloud-formation-slides.pdf,/Users/rainerkoelle/Downloads/met-cloud-formation-slides.pdf,pdf,3.5,33,Likely useful for weather theory and examples.,,
Medium,050 Meteorology,050 Meteorology,Resource,met.pdf,/Users/rainerkoelle/Downloads/met.pdf,pdf,0.9,8,Likely useful for weather theory and examples.,,"050 Meteorology 050-01 The Atmosphere 050-01-01 Composition, extent, vertical division Troposphere 0 – 11 km 15° to -56.5° Stratosphere 11 – 50 km -56.5° to 0° Mesosphere 50 – 85 km 0° to -90° Thermosphere 85 – 600 km -90° to >1500° Exosphere 600 – 10000 km Troposphere Latitude Winter Summer Tempera"
Medium,050 Meteorology,050 Meteorology,Study notes / workbook,Meteorology-Climatology-and-Geography (1).pdf,/Users/rainerkoelle/Downloads/Meteorology-Climatology-and-Geography (1).pdf,pdf,3.2,51,Likely useful for weather theory and examples.,Meteorology-Climatology-and-Geography.pdf,"Meteorology Unit 1 - Meteorology 1.1.Introduction to meteorology The earth is surrounded by a large envelope of gases called atmosphere. The condition of the atmosphere and the changes it undergoes influence all physical, chemical and biological activities over the earth. The study pertaining to low"
Medium,050 Meteorology,050 Meteorology,Study notes / workbook,Meteorology-Climatology-and-Geography.pdf,/Users/rainerkoelle/Downloads/Meteorology-Climatology-and-Geography.pdf,pdf,3.2,51,Likely useful for weather theory and examples.,Meteorology-Climatology-and-Geography (1).pdf,"Meteorology Unit 1 - Meteorology 1.1.Introduction to meteorology The earth is surrounded by a large envelope of gases called atmosphere. The condition of the atmosphere and the changes it undergoes influence all physical, chemical and biological activities over the earth. The study pertaining to low"
Medium,050 Meteorology,050 Meteorology,Study notes / workbook,Meteorology-Recap-Notes.pdf,/Users/rainerkoelle/Downloads/Meteorology-Recap-Notes.pdf,pdf,1.0,111,Likely useful for weather theory and examples.,,"Aviation Weather Meteorology for Pilots Chapter 6 Section A Basic Weather Theory The Atmosphere  Mixture of gases surrounding the earth  Fairly uniform in proportions up to approx. 260,000 feet  Divided into layers that are defined by other criteria"
Medium,050 Meteorology,050 Meteorology,Study notes / workbook,PilotNotes_Meteorology_1997-02.pdf,/Users/rainerkoelle/Downloads/PilotNotes_Meteorology_1997-02.pdf,pdf,0.4,27,Likely useful for weather theory and examples.,,Page 1 of 27 C:\My Documents\pilot notes\Met.doc Rev 2 GT/ Peak Soaring Association Feb 97 PILOT EXAM NOTES METEOROLOGY Page 2 of 27 C:\My Documents\pilot notes\Met.doc Rev 2 Contents: 1. BUYS BALLOTS’S LAW ................................ ................................ ...........................
Medium,050 Meteorology,050 Meteorology,Resource,weather-airspace-permeability-ATMSeminar.pdf,/Users/rainerkoelle/Downloads/weather-airspace-permeability-ATMSeminar.pdf,pdf,0.9,10,Likely useful for weather theory and examples.,,"Twelfth USA/Europe Air Traffic Management Research and Development Seminar (ATM2017) Translating Convective Weather Forecasts into Strategic Traffic Management Decision Aids Michael Matthews, Mark Veillette, Joseph Venuti, Richard DeLaura, and James Kuchar Air Traffic Control Systems Group MIT Linco"
Medium,050 Meteorology,050 Meteorology,Resource,Weather_Impact_on_Airport_Performance.pdf,/Users/rainerkoelle/Downloads/Weather_Impact_on_Airport_Performance.pdf,pdf,1.3,19,Likely useful for weather theory and examples.,,"aerospace Article Weather Impact on Airport Performance Michael Schultz 1,* , Sandro Lorenz 1, Reinhard Schmitz 1 and Luis Delgado 2 1 Institute of Flight Guidance, German Aerospace Center (DLR), 38108 Braunschweig, Germany; sandro.lorenz@dlr.de (S.L.); Reinhard.Schmitz@dlr.de (R.S.) 2 School of Arc"
Medium,050 Meteorology,050 Meteorology,Resource,Weather_impact_quantification_preprint_rgate.pdf,/Users/rainerkoelle/Downloads/Weather_impact_quantification_preprint_rgate.pdf,pdf,0.9,28,Likely useful for weather theory and examples.,,"This is a preprint of the following article, which will be available from https://www.researchgate.net/. Go Nam Lui, Kai Kwong Hon, Rhea P. Liem, Weather impact quantification on airport arrival on- time performance through a Bayesian statistics modeling approach, Transportation Research Part C: Eme"
Medium,050 Meteorology,050 Meteorology,Study notes / workbook,WeathermetricsPackageStructure.pdf,/Users/rainerkoelle/Downloads/RProgrammingForResearch-1.0/figures/WeathermetricsPackageStructure.pdf,pdf,0.3,1,Likely useful for weather theory and examples.,,weathermetrics package Data • lyon • newhaven • norfolk • suﬀolk Small weather datasets to use in examples for func5on (Weather Underground) Func9ons • heat.index • convert_temperature • convert_wind_speed • convert_precip • dewpoint.to.humidity • humidity.to.dewpoint Documenta9on • PDF users’ manua
Medium,Comprehensive / Multi-area,Comprehensive / Multi-area; 050 Meteorology,Resource,aviation18_RC.pdf,/Users/rainerkoelle/Downloads/aviation18_RC.pdf,pdf,7.1,16,Likely broad reference; useful for filling multiple gaps and cross-checking terminology.,,"En Route Flight Time Prediction Under Convective Weather Events Guodong Zhu∗ Chris Matthews† and Peng Wei‡ Iowa State University, Ames, IA, 50011, U.S.A. Matt Lorch§ and Subhashish Chakravarty¶ Rockwell Collins, Cedar Rapids, IA, 52402, U.S.A. Flight en route time is expected to be longer when traﬃc"
Low,Other aviation / support,Other aviation / support,Resource,Aviation_and_Aircraft_Engine_Emissions_at_Juanda_I.pdf,/Users/rainerkoelle/Downloads/Aviation_and_Aircraft_Engine_Emissions_at_Juanda_I.pdf,pdf,0.5,8,Potential support resource; inspect before using for gap fill.,,IOP Conference Series: Materials Science and Engineering PAPER • OPEN ACCESS Aviation and Aircraft Engine Emissions at Juanda International Airport To cite this article: F D Chilongola and E Ahyudanari 2019 IOP Conf. Ser.: Mater. Sci. Eng. 645 012022 View the article online for updates and enhanceme
Low,Other aviation / support,Other aviation / support,Resource,Aviation_and_climate_change_the_science.pdf,/Users/rainerkoelle/Downloads/Aviation_and_climate_change_the_science.pdf,pdf,1.6,409,Potential support resource; inspect before using for gap fill.,,Climate Change and Aviation
Low,Other aviation / support,Other aviation / support,Resource,Flight efficiency concepts.docx,/Users/rainerkoelle/Downloads/Flight efficiency concepts.docx,docx,6.1,,Potential support resource; inspect before using for gap fill.,,
Low,Other aviation / support,Other aviation / support,Resource,flight-Hainan-BrusselsXian.pdf,/Users/rainerkoelle/Downloads/flight-Hainan-BrusselsXian.pdf,pdf,0.2,2,Potential support resource; inspect before using for gap fill.,,PASSENGERS DETAILS Booking reference: 4I99VB Airline confirmation number: PCW207 Your booking is confirmed ! Payment status: Paid Doctor Rainer Koelle e-Ticket: 880-2431010273 Mrs. Gabriela Koelle e-Ticket: 880-2431010272 We have sent a confirmation message to : rqkoelle@gmx.net Passenger Informatio
Low,Other aviation / support,Other aviation / support,Resource,Flight_AUAs_Actual_extract.csv,/Users/rainerkoelle/Downloads/RnD-database-example/extract/Flight_AUAs_Actual_extract.csv,csv,0.0,,Potential support resource; inspect before using for gap fill.,,
Low,Other aviation / support,Other aviation / support,Resource,Flight_AUAs_Filed_extract.csv,/Users/rainerkoelle/Downloads/RnD-database-example/extract/Flight_AUAs_Filed_extract.csv,csv,0.0,,Potential support resource; inspect before using for gap fill.,,
Low,Other aviation / support,Other aviation / support,Resource,flight_data_recorder_20230209-1.pdf,/Users/rainerkoelle/Downloads/flight_data_recorder_20230209-1.pdf,pdf,0.1,1,Potential support resource; inspect before using for gap fill.,,"Anschrift Dr. Jannis Lübbe Emsauenallee 57 49808 Lingen Germany Telefon +49 (0)591 97786659 Mobil +49 (0)157 32128248 E-Mail jannisluebbe1982@gmail.com Umsatzsteuer-ID DE 355321528 Institut MLP Banking IBAN DE29672300004009987557 BIC MLPBDE61 Dr. Jannis Lübbe, Emsauenallee 57, 49808 Lingen, Germany"
Low,Other aviation / support,Other aviation / support,Resource,Flight_FIRs_Actual_extract.csv,/Users/rainerkoelle/Downloads/RnD-database-example/extract/Flight_FIRs_Actual_extract.csv,csv,0.0,,Potential support resource; inspect before using for gap fill.,,
Low,Other aviation / support,Other aviation / support,Resource,Flight_FIRs_Filed_extract.csv,/Users/rainerkoelle/Downloads/RnD-database-example/extract/Flight_FIRs_Filed_extract.csv,csv,0.0,,Potential support resource; inspect before using for gap fill.,,
Low,Other aviation / support,Other aviation / support,Resource,Flight_Points_Actual_extract.csv,/Users/rainerkoelle/Downloads/RnD-database-example/extract/Flight_Points_Actual_extract.csv,csv,0.0,,Potential support resource; inspect before using for gap fill.,,
Low,Other aviation / support,Other aviation / support,Resource,Flight_Points_Filed_extract.csv,/Users/rainerkoelle/Downloads/RnD-database-example/extract/Flight_Points_Filed_extract.csv,csv,0.0,,Potential support resource; inspect before using for gap fill.,,
Low,Other aviation / support,Other aviation / support,Resource,Flight_safety_during_Covid-19_A_study_of_Charles_d.pdf,/Users/rainerkoelle/Downloads/Flight_safety_during_Covid-19_A_study_of_Charles_d.pdf,pdf,2.3,11,Potential support resource; inspect before using for gap fill.,,"Journal Pre-proofs Flight safety during Covid-19: A study of Charles de Gaulle airport atypical energy approaches Gabriel Jarry, Daniel Delahaye, Eric Feron PII: S2590-1982(21)00034-8 DOI: https://doi.org/10.1016/j.trip.2021.100327 Reference: TRIP 100327 To appear in: Transportation Research Interdi"
Low,Other aviation / support,Other aviation / support,Resource,Flights_extract.csv,/Users/rainerkoelle/Downloads/RnD-database-example/extract/Flights_extract.csv,csv,0.0,,Potential support resource; inspect before using for gap fill.,,
Low,Other aviation / support,Other aviation / support,Study notes / workbook,Manual.pdf,/Users/rainerkoelle/Downloads/Manual.pdf,pdf,1.8,54,Potential support resource; inspect before using for gap fill.,,G1000 TM pilot’s training guide instructor’s reference This manual downloaded from http://www.manualowl.com Garmin G1000 Pilot’s Training Guide – Instructor’s Reference 190-00368-04 Rev. A This manual downloaded from http://www.manualowl.com
Low,Other aviation / support,Other aviation / support,Resource,Navigating the Turbulent Skies_ Unraveling Europe's Evolving Air Connectivity (2019-2025).pdf,/Users/rainerkoelle/Downloads/Navigating the Turbulent Skies_ Unraveling Europe's Evolving Air Connectivity (2019-2025).pdf,pdf,0.2,7,Potential support resource; inspect before using for gap fill.,,"Navigating the Turbulent Skies: Unraveling Europe's Evolving Air Connectivity (2019-2025) A data-driven deep dive into the forces reshaping European aviation, from geopolitical shifts to changing airline strategies. Key Insights into European Air Connectivity  Geopolitical Impacts: The Russian inva"
Low,Other aviation / support,Other aviation / support,Resource,UAM_ConOps_v1.0.pdf,/Users/rainerkoelle/Downloads/GIPEG-Meta-Data-Catalogue/library/faa/UAM_ConOps_v1.0.pdf,pdf,1.4,49,Potential support resource; inspect before using for gap fill.,,"    33E#+1/              & %# !&!& ""! * & !     "
